keyword,category
electricity,Electricity
power,Electricity
electric,Electricity
bescom,Electricity
tneb,Electricity
mseb,Electricity
cesc,Electricity
tata power,Electricity
adani electricity,Electricity
kwh,Electricity
unit,Electricity
petrol,Fuel
diesel,Fuel
lpg,Fuel
gas,Fuel
fuel,Fuel
hpcl,Fuel
bpcl,Fuel
iocl,Fuel
cng,Fuel
indane,Fuel
bharatgas,Fuel
hp gas,Fuel
flight,Transport
airline,Transport
flight ticket,Transport
uber,Transport
ola,Transport
rapido,Transport
train,Transport
metro,Transport
bus,Transport
irctc,Transport
cab,Transport
grocery,Grocery
groceries,Grocery
supermarket,Grocery
bigbasket,Grocery
zepto,Grocery
blinkit,Grocery
swiggy,Grocery
zomato,Grocery
restaurant,Grocery
food,Grocery
milk,Grocery
rice,Grocery
vegetable,Grocery
shirt,Clothing
t-shirt,Clothing
jeans,Clothing
trousers,Clothing
dress,Clothing
shoes,Clothing
footwear,Clothing
apparel,Clothing
fashion,Clothing
myntra,Clothing
ajio,Clothing
zara,Clothing
h&m,Clothing
phone,Electronics
smartphone,Electronics
laptop,Electronics
earbuds,Electronics
headphone,Electronics
charger,Electronics
electronics,Electronics
croma,Electronics
reliance digital,Electronics
gadget,Electronics
tv,Electronics
furniture,Household
utensil,Household
appliance,Household
detergent,Household
cleaning,Household
home,Household
ikea,Household
amazon,Other
flipkart,Other
